Kod,Nazwa,ludność w wieku nieprodukcyjnym na 100 osób w wieku produkcyjnym,ludność w wieku poprodukcyjnym na 100 osób w wieku przedprodukcyjnym,ludność w wieku poprodukcyjnym na 100 osób w wieku produkcyjnym,współczynnik obciążenia demograficznego osobami starszymi,odsetek osób w wieku 65 lat i więcej w populacji ogółem,odsetek osób w wieku 65 lat i więcej w populacji ogółem - mężczyźni,odsetek osób w wieku 65 lat i więcej w populacji ogółem - kobiety
,,2024,2024,2024,2024,2024,2024,2024
,,[osoba],[osoba],[osoba],[osoba],[osoba],[osoba],[osoba]
0000000,POLSKA,"71,7","132,1","40,8","31,8","20,6","17,3","23,7"
0200000,DOLNOŚLĄSKIE,"71,4","145,0","42,3","33,4","21,5","18,0","24,8"
0201000,Powiat bolesławiecki,"72,2","139,3","42,0","32,5","21,1","17,6","24,4"
0202000,Powiat dzierżoniowski,"77,3","184,9","50,2","39,2","24,7","20,3","28,6"
0203000,Powiat głogowski,"77,0","147,9","45,9","36,0","22,8","19,7","25,8"
0204000,Powiat górowski,"71,8","143,7","42,4","32,6","21,2","18,5","23,9"
0205000,Powiat jaworski,"74,8","160,0","46,1","35,6","22,8","19,6","25,9"
0206000,Powiat karkonoski,"72,7","174,4","46,2","36,0","23,3","20,2","26,2"
0207000,Powiat kamiennogórski,"71,3","176,8","45,6","35,2","23,0","18,8","26,9"
0208000,Powiat kłodzki,"77,1","189,3","50,5","39,3","24,8","20,7","28,7"
0209000,Powiat legnicki,"73,1","127,7","41,0","31,0","20,2","17,4","22,8"
0210000,Powiat lubański,"72,9","172,2","46,1","36,1","23,3","19,3","27,0"
0211000,Powiat lubiński,"77,5","150,9","46,6","36,8","23,1","19,6","26,4"
0212000,Powiat lwówecki,"73,6","167,6","46,1","35,5","22,9","19,5","26,2"
0213000,Powiat milicki,"75,2","124,6","41,7","32,3","20,8","17,6","23,9"
0214000,Powiat oleśnicki,"71,0","121,3","38,9","30,4","19,7","16,5","22,8"
0215000,Powiat oławski,"73,0","125,6","40,7","32,0","20,6","17,5","23,5"
0216000,Powiat polkowicki,"69,0","112,0","36,5","28,1","18,5","15,8","21,1"
0217000,Powiat strzeliński,"72,6","143,1","42,7","33,2","21,4","18,1","24,6"
0218000,Powiat średzki,"67,5","99,0","33,6","25,7","17,1","14,4","19,6"
0219000,Powiat świdnicki,"74,4","161,3","45,9","35,9","23,0","19,0","26,7"
0220000,Powiat trzebnicki,"70,6","116,7","38,0","29,5","19,3","16,7","21,7"
0221000,Powiat wałbrzyski,"72,5","176,5","46,3","35,7","23,2","19,4","26,7"
0222000,Powiat wołowski,"72,0","146,5","42,8","33,4","21,6","18,2","24,8"
0223000,Powiat wrocławski,"66,5","64,3","26,1","20,1","13,3","11,8","14,8"
0224000,Powiat ząbkowicki,"73,9","176,7","47,2","36,4","23,5","19,9","26,9"
0225000,Powiat zgorzelecki,"70,8","169,9","44,6","34,5","22,5","18,8","25,9"
0226000,Powiat złotoryjski,"73,8","160,9","45,5","34,9","22,6","19,4","25,6"
0261000,Powiat m. Jelenia Góra,"83,2","226,3","57,7","45,8","27,9","23,1","32,0"
0262000,Powiat m. Legnica,"77,5","172,9","49,1","38,5","24,2","19,8","28,1"
0264000,Powiat m. Wrocław,"64,6","145,1","38,2","31,5","20,7","16,8","24,2"
0265000,Powiat m. Wałbrzych od 2013,"81,1","224,5","56,1","43,8","27,1","22,3","31,4"
0400000,KUJAWSKO-POMORSKIE,"72,1","135,9","41,5","32,2","20,9","17,6","23,9"
0401000,Powiat aleksandrowski,"73,8","144,6","43,6","33,6","21,6","18,1","25,0"
0402000,Powiat brodnicki,"70,6","104,6","36,1","27,4","18,0","15,4","20,5"
0403000,Powiat bydgoski,"65,3","89,7","30,9","23,6","15,9","13,9","17,8"
0404000,Powiat chełmiński,"68,7","125,4","38,2","29,3","19,4","16,5","22,2"
0405000,Powiat golubsko-dobrzyński,"69,0","120,1","37,6","29,1","19,1","16,6","21,6"
0406000,Powiat grudziądzki,"67,9","103,3","34,5","26,0","17,4","15,4","19,4"
0407000,Powiat inowrocławski,"72,6","153,3","43,9","33,5","21,8","18,2","25,1"
0408000,Powiat lipnowski,"67,7","114,6","36,2","27,7","18,4","15,4","21,4"
0409000,Powiat mogileński,"74,1","133,8","42,4","32,2","20,8","17,9","23,5"
0410000,Powiat nakielski,"69,7","116,0","37,4","28,5","18,8","16,1","21,5"
0411000,Powiat radziejowski,"72,1","151,0","43,4","33,5","21,7","18,4","24,9"
0412000,Powiat rypiński,"72,8","130,4","41,2","31,4","20,4","17,3","23,4"
0413000,Powiat sępoleński,"72,5","120,9","39,7","30,3","19,7","17,6","21,9"
0414000,Powiat świecki,"71,6","121,0","39,2","30,0","19,5","17,0","22,0"
0415000,Powiat toruński,"64,7","84,1","29,6","22,4","15,2","13,2","17,1"
0416000,Powiat tucholski,"75,8","112,6","40,2","30,4","19,6","17,1","22,0"
0417000,Powiat wąbrzeski,"69,9","127,3","39,1","30,3","19,8","16,8","22,7"
0418000,Powiat włocławski,"69,8","132,4","39,8","30,4","20,0","17,3","22,6"
0419000,Powiat żniński,"73,6","130,0","41,6","32,0","20,7","17,8","23,4"
0461000,Powiat m. Bydgoszcz,"76,0","179,1","48,7","39,0","24,5","20,2","28,3"
0462000,Powiat m. Grudziądz,"78,2","162,6","48,4","37,0","23,4","19,3","27,2"
0463000,Powiat m. Toruń,"73,4","160,3","45,2","35,8","22,9","19,0","26,3"
0464000,Powiat m. Włocławek,"78,4","199,0","52,2","40,7","25,6","20,8","29,7"
0600000,LUBELSKIE,"73,6","142,6","43,3","33,7","21,6","17,8","25,2"
0601000,Powiat bialski,"71,1","120,0","38,8","29,9","19,5","15,9","23,1"
0602000,Powiat biłgorajski,"71,8","143,6","42,3","32,7","21,3","17,7","24,7"
0603000,Powiat chełmski,"69,5","130,8","39,4","30,4","20,0","16,7","23,2"
0604000,Powiat hrubieszowski,"74,5","186,3","48,5","37,4","24,0","19,9","27,9"
0605000,Powiat janowski,"72,0","146,1","42,8","32,7","21,3","17,9","24,7"
0606000,Powiat krasnostawski,"76,9","188,1","50,2","39,8","25,0","20,5","29,3"
0607000,Powiat kraśnicki,"75,0","167,2","46,9","36,7","23,4","19,6","27,0"
0608000,Powiat lubartowski,"70,9","134,0","40,6","31,6","20,6","16,7","24,3"
0609000,Powiat lubelski,"68,4","99,6","34,1","26,4","17,4","14,6","20,2"
0610000,Powiat łęczyński,"70,0","109,7","36,6","27,3","18,0","15,3","20,5"
0611000,Powiat łukowski,"75,0","107,4","38,8","30,1","19,2","15,8","22,6"
0612000,Powiat opolski,"73,2","153,2","44,3","34,8","22,3","18,5","25,8"
0613000,Powiat parczewski,"73,6","148,9","44,1","34,9","22,3","18,3","26,2"
0614000,Powiat puławski,"79,7","165,4","49,7","38,6","24,2","19,8","28,2"
0615000,Powiat radzyński,"72,9","129,6","41,1","31,4","20,4","16,9","23,8"
0616000,Powiat rycki,"80,7","143,1","47,5","36,6","22,9","18,9","26,7"
0617000,Powiat świdnicki,"75,9","152,3","45,8","36,1","22,9","18,8","26,6"
0618000,Powiat tomaszowski,"72,6","163,1","45,0","34,8","22,5","18,8","26,1"
0619000,Powiat włodawski,"75,4","154,3","45,8","35,3","22,6","18,5","26,6"
0620000,Powiat zamojski,"70,6","146,7","42,0","32,5","21,3","17,8","24,6"
0661000,Powiat m. Biała Podlaska,"77,7","140,6","45,4","34,6","21,9","18,0","25,4"
0662000,Powiat m. Chełm,"80,2","200,0","53,5","41,1","25,7","20,7","30,1"
0663000,Powiat m. Lublin,"73,4","149,9","44,1","35,2","22,3","17,9","26,1"
0664000,Powiat m. Zamość,"81,8","177,6","52,3","39,7","24,8","20,9","28,3"
0800000,LUBUSKIE,"72,3","137,2","41,8","32,5","21,1","17,7","24,2"
0801000,Powiat gorzowski,"66,3","102,3","33,5","25,3","17,0","14,7","19,2"
0802000,Powiat krośnieński,"69,5","142,0","40,8","31,7","20,8","17,4","24,1"
0803000,Powiat międzyrzecki,"73,7","140,9","43,1","33,3","21,4","18,5","24,3"
0804000,Powiat nowosolski,"74,2","143,4","43,7","34,2","21,9","18,3","25,3"
0805000,Powiat słubicki,"66,0","120,8","36,1","27,4","18,4","15,5","21,1"
0806000,Powiat strzelecko-drezdenecki,"73,1","137,8","42,4","33,0","21,3","18,4","24,1"
0807000,Powiat sulęciński,"69,8","124,9","38,8","29,9","19,6","16,5","22,6"
0808000,Powiat świebodziński,"73,5","128,5","41,3","31,6","20,4","17,2","23,5"
0809000,Powiat zielonogórski,"70,6","121,6","38,7","30,0","19,6","17,0","22,1"
0810000,Powiat żagański,"73,1","153,2","44,2","34,0","22,0","18,5","25,4"
0811000,Powiat żarski,"71,1","143,8","41,9","32,4","21,1","17,6","24,4"
0812000,Powiat wschowski,"72,6","126,1","40,5","31,3","20,3","17,4","23,1"
0861000,Powiat m. Gorzów Wielkopolski,"76,7","163,1","47,5","37,7","23,8","19,6","27,6"
0862000,Powiat m. Zielona Góra,"74,9","142,7","44,1","34,9","22,2","18,5","25,4"
1000000,ŁÓDZKIE,"76,0","155,2","46,2","36,2","22,9","18,7","26,8"
1001000,Powiat bełchatowski,"75,8","129,4","42,8","31,9","20,5","18,1","22,8"
1002000,Powiat kutnowski,"77,9","172,3","49,3","37,9","23,9","19,5","28,0"
1003000,Powiat łaski,"74,5","146,8","44,3","34,3","22,0","18,1","25,6"
1004000,Powiat łęczycki,"76,7","158,5","47,1","36,4","23,0","19,0","26,8"
1005000,Powiat łowicki,"76,5","143,0","45,0","34,8","22,1","18,4","25,5"
1006000,Powiat łódzki wschodni,"72,7","120,2","39,7","30,3","19,7","16,7","22,4"
1007000,Powiat opoczyński,"75,4","129,3","42,5","32,7","21,0","17,5","24,3"
1008000,Powiat pabianicki,"75,3","151,8","45,4","35,7","22,6","18,2","26,6"
1009000,Powiat pajęczański,"72,2","145,4","42,8","33,9","21,7","18,4","25,1"
1010000,Powiat piotrkowski,"71,7","116,9","38,6","29,9","19,5","16,2","22,6"
1011000,Powiat poddębicki,"75,2","146,0","44,6","35,0","22,2","18,6","25,8"
1012000,Powiat radomszczański,"73,8","155,0","44,9","34,9","22,4","18,7","26,1"
1013000,Powiat rawski,"76,6","133,5","43,8","33,8","21,4","18,1","24,7"
1014000,Powiat sieradzki,"73,8","139,8","43,0","33,2","21,3","17,8","24,7"
1015000,Powiat skierniewicki,"73,9","113,4","39,3","30,4","19,5","16,4","22,6"
1016000,Powiat tomaszowski,"77,4","146,8","46,0","35,8","22,6","18,4","26,6"
1017000,Powiat wieluński,"74,7","143,5","44,0","33,9","21,8","18,4","25,0"
1018000,Powiat wieruszowski,"70,4","122,0","38,7","30,0","19,6","16,4","22,7"
1019000,Powiat zduńskowolski,"74,9","144,0","44,2","34,1","21,8","17,9","25,5"
1020000,Powiat zgierski,"74,6","143,3","44,0","34,5","22,0","18,0","25,7"
1021000,Powiat brzeziński,"72,7","136,0","41,9","32,9","21,1","17,3","24,7"
1061000,Powiat m. Łódź,"78,5","197,1","52,1","41,9","25,9","20,6","30,4"
1062000,Powiat m. Piotrków Trybunalski,"79,1","170,6","49,9","39,3","24,5","19,6","28,9"
1063000,Powiat m. Skierniewice,"81,5","152,5","49,2","38,1","23,6","19,7","27,1"
1200000,MAŁOPOLSKIE,"68,9","114,7","36,8","28,7","18,8","15,9","21,5"
1201000,Powiat bocheński,"71,3","97,4","35,2","27,2","17,7","15,4","19,9"
1202000,Powiat brzeski,"67,9","106,9","35,1","27,0","17,9","15,0","20,6"
1203000,Powiat chrzanowski,"75,3","165,4","46,9","36,2","23,1","19,5","26,4"
1204000,Powiat dąbrowski,"65,2","118,0","35,3","27,1","18,2","15,7","20,6"
1205000,Powiat gorlicki,"72,2","117,5","39,0","29,7","19,3","16,6","22,0"
1206000,Powiat krakowski,"69,8","97,3","34,4","26,5","17,4","15,1","19,6"
1207000,Powiat limanowski,"70,0","76,7","30,4","23,0","15,1","13,1","17,1"
1208000,Powiat miechowski,"78,1","158,5","47,9","37,6","23,5","20,4","26,5"
1209000,Powiat myślenicki,"69,1","89,1","32,5","24,7","16,3","14,2","18,3"
1210000,Powiat nowosądecki,"68,8","79,5","30,5","22,8","15,1","13,1","17,2"
1211000,Powiat nowotarski,"67,2","100,7","33,7","25,8","17,2","14,7","19,5"
1212000,Powiat olkuski,"77,1","164,0","47,9","37,3","23,6","20,2","26,7"
1213000,Powiat oświęcimski,"74,2","140,8","43,4","33,4","21,4","17,9","24,7"
1214000,Powiat proszowicki,"70,7","136,2","40,7","32,2","20,8","18,0","23,5"
1215000,Powiat suski,"68,9","107,5","35,7","27,4","18,0","15,3","20,6"
1216000,Powiat tarnowski,"66,2","105,9","34,1","26,0","17,4","14,9","19,8"
1217000,Powiat tatrzański,"71,3","120,1","38,9","29,8","19,4","16,2","22,3"
1218000,Powiat wadowicki,"69,8","108,9","36,4","27,8","18,2","15,2","21,2"
1219000,Powiat wielicki,"67,4","82,6","30,5","23,6","15,6","13,4","17,7"
1261000,Powiat m. Kraków,"63,8","136,5","36,8","30,0","19,9","16,4","22,9"
1262000,Powiat m. Nowy Sącz,"76,3","130,8","43,2","33,1","21,1","17,6","24,3"
1263000,Powiat m. Tarnów,"77,8","187,0","50,7","39,4","24,8","20,3","28,8"
1400000,MAZOWIECKIE,"70,8","117,4","38,2","30,2","19,6","16,2","22,6"
1401000,Powiat białobrzeski,"71,9","108,6","37,4","29,1","18,8","16,2","21,5"
1402000,Powiat ciechanowski,"76,1","134,1","43,6","33,1","21,1","17,7","24,4"
1403000,Powiat garwoliński,"74,7","96,0","36,6","28,1","18,0","15,2","20,7"
1404000,Powiat gostyniński,"74,4","153,5","45,0","34,7","22,3","18,5","25,8"
1405000,Powiat grodziski,"72,9","93,4","35,2","27,3","17,6","14,8","20,2"
1406000,Powiat grójecki,"74,7","124,8","41,4","32,5","20,7","17,6","23,7"
1407000,Powiat kozienicki,"78,9","150,1","47,3","36,9","23,1","19,5","26,6"
1408000,Powiat legionowski,"70,4","94,8","34,2","27,1","17,6","14,9","20,2"
1409000,Powiat lipski,"80,3","163,8","49,8","38,5","24,0","20,3","27,6"
1410000,Powiat łosicki,"78,1","139,5","45,5","35,2","22,0","18,5","25,6"
1411000,Powiat makowski,"76,0","131,2","43,1","33,1","21,1","18,0","24,2"
1412000,Powiat miński,"72,6","98,3","36,0","27,8","18,0","15,1","20,7"
1413000,Powiat mławski,"71,7","121,3","39,3","29,8","19,4","16,0","22,6"
1414000,Powiat nowodworski,"72,6","122,9","40,0","30,9","20,0","16,9","22,9"
1415000,Powiat ostrołęcki,"65,6","93,2","31,6","23,9","16,0","13,4","18,6"
1416000,Powiat ostrowski,"74,6","135,4","42,9","33,2","21,3","17,8","24,6"
1417000,Powiat otwocki,"77,2","115,8","41,4","32,2","20,3","16,9","23,5"
1418000,Powiat piaseczyński,"68,2","84,4","31,2","24,3","16,1","13,8","18,1"
1419000,Powiat płocki,"67,0","112,9","35,5","27,4","18,2","15,6","20,8"
1420000,Powiat płoński,"73,2","129,1","41,2","31,7","20,5","17,2","23,7"
1421000,Powiat pruszkowski,"73,2","104,7","37,5","29,7","19,0","16,0","21,7"
1422000,Powiat przasnyski,"74,7","115,4","40,0","30,4","19,5","16,4","22,6"
1423000,Powiat przysuski,"76,6","137,3","44,3","33,6","21,6","18,1","25,0"
1424000,Powiat pułtuski,"72,0","116,9","38,8","30,0","19,4","16,1","22,7"
1425000,Powiat radomski,"69,5","100,6","34,9","26,7","17,6","14,9","20,2"
1426000,Powiat siedlecki,"71,7","98,1","35,5","27,4","17,8","15,0","20,6"
1427000,Powiat sierpecki,"71,5","126,7","40,0","30,1","19,8","16,4","23,1"
1428000,Powiat sochaczewski,"74,6","123,1","41,2","31,6","20,3","17,0","23,3"
1429000,Powiat sokołowski,"79,0","147,6","47,1","36,5","22,9","19,6","26,1"
1430000,Powiat szydłowiecki,"70,5","127,9","39,6","30,5","20,0","16,5","23,4"
1432000,Powiat warszawski zachodni,"73,0","92,6","35,1","27,2","17,5","15,1","19,8"
1433000,Powiat węgrowski,"78,2","125,5","43,5","34,0","21,3","17,9","24,7"
1434000,Powiat wołomiński,"66,4","76,6","28,8","22,3","14,8","12,2","17,2"
1435000,Powiat wyszkowski,"72,6","103,4","36,9","28,0","18,2","15,1","21,2"
1436000,Powiat zwoleński,"71,7","128,0","40,3","31,2","20,2","16,8","23,6"
1437000,Powiat żuromiński,"72,9","132,8","41,6","31,7","20,5","17,5","23,5"
1438000,Powiat żyrardowski,"74,2","127,1","41,5","32,4","20,7","17,1","24,1"
1461000,Powiat m. Ostrołęka,"83,7","150,7","50,3","37,8","23,6","19,6","27,1"
1462000,Powiat m. Płock,"77,0","169,5","48,4","38,1","24,0","19,5","28,0"
1463000,Powiat m. Radom,"78,0","165,0","48,6","37,6","23,7","19,0","28,0"
1464000,Powiat m. Siedlce,"81,2","126,0","45,3","35,2","21,8","17,7","25,4"
1465000,Powiat m. st. Warszawa,"66,8","128,0","37,5","30,8","20,1","16,4","23,3"
1600000,OPOLSKIE,"70,5","153,9","42,8","33,0","21,5","18,1","24,7"
1601000,Powiat brzeski,"71,6","146,0","42,5","33,0","21,5","17,9","24,9"
1602000,Powiat głubczycki,"72,6","179,0","46,6","36,0","23,3","19,7","26,8"
1603000,Powiat kędzierzyńsko-kozielski,"70,4","169,0","44,2","34,1","22,3","18,5","25,8"
1604000,Powiat kluczborski,"69,0","159,6","42,4","32,4","21,4","18,0","24,5"
1605000,Powiat krapkowicki,"66,4","147,6","39,6","30,4","20,2","16,9","23,2"
1606000,Powiat namysłowski,"73,6","136,4","42,5","32,4","20,9","17,8","23,9"
1607000,Powiat nyski,"72,7","172,9","46,1","35,8","23,1","19,4","26,5"
1608000,Powiat oleski,"71,2","148,5","42,5","32,3","21,1","18,2","23,8"
1609000,Powiat opolski,"67,1","134,0","38,4","29,1","19,4","16,8","21,8"
1610000,Powiat prudnicki,"71,4","154,7","43,4","33,3","21,7","18,1","24,9"
1611000,Powiat strzelecki,"67,0","136,7","38,7","29,4","19,5","16,5","22,4"
1661000,Powiat m. Opole,"73,6","163,0","45,6","36,7","23,3","19,3","26,7"
1800000,PODKARPACKIE,"69,8","124,9","38,7","29,9","19,6","16,5","22,6"
1801000,Powiat bieszczadzki,"67,2","156,4","41,0","31,4","20,8","18,5","23,0"
1802000,Powiat brzozowski,"69,2","119,4","37,7","29,3","19,2","16,4","22,0"
1803000,Powiat dębicki,"69,0","114,8","36,9","28,2","18,6","15,7","21,4"
1804000,Powiat jarosławski,"69,6","129,3","39,2","30,1","19,8","16,5","23,0"
1805000,Powiat jasielski,"68,6","140,0","40,0","30,7","20,3","17,1","23,4"
1806000,Powiat kolbuszowski,"63,3","111,6","33,4","25,8","17,4","14,9","19,9"
1807000,Powiat krośnieński,"71,0","121,7","39,0","29,8","19,5","16,5","22,4"
1808000,Powiat leżajski,"67,9","124,5","37,7","29,0","19,2","16,2","22,1"
1809000,Powiat lubaczowski,"66,7","144,8","39,4","30,5","20,2","17,0","23,4"
1810000,Powiat łańcucki,"71,2","105,6","36,6","28,1","18,3","15,2","21,3"
1811000,Powiat mielecki,"71,1","119,7","38,7","29,9","19,5","16,6","22,2"
1812000,Powiat niżański,"65,5","135,6","37,7","28,6","19,2","16,0","22,3"
1813000,Powiat przemyski,"66,0","116,0","35,5","27,2","18,2","15,5","20,9"
1814000,Powiat przeworski,"68,5","123,8","37,9","29,2","19,3","16,4","22,1"
1815000,Powiat ropczycko-sędziszowski,"68,1","97,3","33,6","26,1","17,2","14,6","19,6"
1816000,Powiat rzeszowski,"67,8","91,4","32,4","24,9","16,5","14,1","18,8"
1817000,Powiat sanocki,"72,3","144,6","42,7","33,0","21,4","18,3","24,4"
1818000,Powiat stalowowolski,"73,2","159,9","45,0","35,4","22,7","19,4","25,9"
1819000,Powiat strzyżowski,"66,5","125,0","36,9","28,4","18,9","16,2","21,6"
1820000,Powiat tarnobrzeski,"68,2","139,8","39,8","31,1","20,5","17,1","23,7"
1821000,Powiat leski,"68,8","151,3","41,4","32,2","21,1","18,5","23,6"
1861000,Powiat m. Krosno,"82,0","171,7","51,8","40,2","24,9","20,6","28,6"
1862000,Powiat m. Przemyśl,"78,9","194,4","52,1","39,9","25,1","20,4","29,2"
1863000,Powiat m. Rzeszów,"71,1","114,0","37,9","29,8","19,3","16,0","22,2"
1864000,Powiat m. Tarnobrzeg,"75,0","192,7","49,4","38,3","24,5","20,3","28,3"
2000000,PODLASKIE,"72,1","135,0","41,4","31,7","20,6","17,1","23,9"
2001000,Powiat augustowski,"70,0","145,0","41,4","31,7","20,8","17,3","24,0"
2002000,Powiat białostocki,"70,8","106,1","36,4","27,8","18,2","15,5","20,7"
2003000,Powiat bielski,"81,0","165,9","50,5","38,8","24,1","20,3","27,8"
2004000,Powiat grajewski,"69,2","137,6","40,1","30,5","20,1","16,9","23,2"
2005000,Powiat hajnowski,"88,2","224,9","61,0","47,1","28,3","23,6","32,8"
2006000,Powiat kolneński,"63,9","124,0","35,4","27,3","18,3","15,1","21,6"
2007000,Powiat łomżyński,"66,3","110,1","34,8","26,6","17,8","15,2","20,3"
2008000,Powiat moniecki,"68,4","148,2","40,8","31,5","20,7","17,2","24,2"
2009000,Powiat sejneński,"72,1","154,7","43,8","33,3","21,7","18,5","24,9"
2010000,Powiat siemiatycki,"75,2","179,1","48,3","37,1","23,7","20,2","27,0"
2011000,Powiat sokólski,"71,6","163,1","44,4","34,5","22,3","18,2","26,2"
2012000,Powiat suwalski,"70,2","109,8","36,7","28,0","18,4","15,9","21,0"
2013000,Powiat wysokomazowiecki,"74,5","129,5","42,1","32,4","20,7","17,6","23,9"
2014000,Powiat zambrowski,"71,6","132,2","40,8","30,6","20,0","16,5","23,5"
2061000,Powiat m. Białystok,"71,4","134,7","41,0","31,9","20,6","16,5","24,3"
2062000,Powiat m. Łomża,"78,0","146,1","46,3","34,1","21,9","18,3","25,1"
2063000,Powiat m. Suwałki,"71,2","121,5","39,0","29,0","19,0","15,9","21,9"
2200000,POMORSKIE,"70,3","113,4","37,4","29,2","19,0","16,2","21,7"
2201000,Powiat bytowski,"72,5","101,7","36,6","27,7","18,0","15,8","20,1"
2202000,Powiat chojnicki,"72,9","102,0","36,8","28,0","18,2","15,5","20,8"
2203000,Powiat człuchowski,"73,4","128,7","41,3","31,2","20,2","17,7","22,8"
2204000,Powiat gdański,"64,7","75,6","27,9","21,5","14,4","12,7","16,2"
2205000,Powiat kartuski,"72,2","59,3","26,9","20,1","13,0","11,8","14,3"
2206000,Powiat kościerski,"72,9","92,4","35,0","26,4","17,2","15,0","19,3"
2207000,Powiat kwidzyński,"67,9","112,6","35,9","27,5","18,3","15,4","21,2"
2208000,Powiat lęborski,"73,9","117,6","40,0","30,6","19,7","17,0","22,3"
2209000,Powiat malborski,"72,7","134,5","41,7","32,2","20,9","17,9","23,7"
2210000,Powiat nowodworski,"69,5","134,0","39,8","30,5","20,1","17,0","23,1"
2211000,Powiat pucki,"67,3","88,8","31,7","24,0","16,0","14,0","17,9"
2212000,Powiat słupski,"70,6","114,5","37,7","28,6","18,8","16,6","21,0"
2213000,Powiat starogardzki,"71,0","101,1","35,7","27,0","17,7","15,0","20,3"
2214000,Powiat tczewski,"70,3","113,2","37,3","28,6","18,8","15,8","21,7"
2215000,Powiat wejherowski,"68,3","82,2","30,8","23,5","15,5","13,5","17,5"
2216000,Powiat sztumski,"69,8","127,6","39,1","29,5","19,5","16,8","22,2"
2261000,Powiat m. Gdańsk,"67,1","138,2","38,9","31,9","20,8","17,4","23,9"
2262000,Powiat m. Gdynia,"73,6","171,9","46,6","37,7","23,9","20,4","27,0"
2263000,Powiat m. Słupsk,"79,1","192,2","52,0","40,8","25,4","21,1","29,2"
2264000,Powiat m. Sopot,"83,9","263,8","60,9","50,0","29,9","25,4","33,8"
2400000,ŚLĄSKIE,"73,6","148,7","44,0","34,1","21,9","18,4","25,2"
2401000,Powiat będziński,"76,3","169,4","48,0","37,9","23,9","19,9","27,6"
2402000,Powiat bielski,"72,6","110,9","38,2","29,2","19,0","16,3","21,5"
2403000,Powiat cieszyński,"74,8","126,9","41,8","32,3","20,6","17,5","23,6"
2404000,Powiat częstochowski,"71,8","144,1","42,4","32,6","21,2","18,2","24,1"
2405000,Powiat gliwicki,"70,7","122,7","39,0","29,8","19,4","16,5","22,2"
2406000,Powiat kłobucki,"70,7","140,3","41,3","31,8","20,8","17,8","23,7"
2407000,Powiat lubliniecki,"68,7","126,7","38,4","29,5","19,4","16,3","22,5"
2408000,Powiat mikołowski,"71,4","109,2","37,3","28,5","18,5","15,7","21,2"
2409000,Powiat myszkowski,"76,6","163,8","47,5","36,7","23,3","19,8","26,5"
2410000,Powiat pszczyński,"70,7","97,5","34,9","25,5","16,8","14,9","18,7"
2411000,Powiat raciborski,"69,5","148,1","41,5","31,4","20,7","17,4","23,7"
2412000,Powiat rybnicki,"70,7","108,7","36,8","27,6","18,1","15,5","20,6"
2413000,Powiat tarnogórski,"72,6","133,5","41,5","32,1","20,8","17,8","23,6"
2414000,Powiat bieruńsko-lędziński,"70,3","104,7","36,0","26,7","17,6","15,3","19,8"
2415000,Powiat wodzisławski,"72,1","129,9","40,7","30,9","20,1","17,0","23,0"
2416000,Powiat zawierciański,"77,6","177,5","49,6","38,6","24,3","20,6","27,8"
2417000,Powiat żywiecki,"70,3","119,4","38,3","29,3","19,2","16,2","22,0"
2461000,Powiat m. Bielsko-Biała,"78,8","162,8","48,8","38,9","24,2","19,9","28,0"
2462000,Powiat m. Bytom,"69,3","161,2","42,8","33,3","21,8","17,7","25,5"
2463000,Powiat m. Chorzów,"68,4","147,9","40,8","32,5","21,2","16,9","25,1"
2464000,Powiat m. Częstochowa,"80,9","202,7","54,2","42,4","26,3","21,6","30,4"
2465000,Powiat m. Dąbrowa Górnicza,"79,5","189,6","52,1","41,2","25,6","21,8","29,1"
2466000,Powiat m. Gliwice,"75,8","165,3","47,2","37,4","23,6","19,7","27,2"
2467000,Powiat m. Jastrzębie-Zdrój,"71,5","154,8","43,4","34,4","22,3","18,3","26,0"
2468000,Powiat m. Jaworzno,"72,8","157,3","44,5","33,7","21,8","18,4","25,1"
2469000,Powiat m. Katowice,"72,0","183,5","46,6","37,0","23,7","19,8","27,2"
2470000,Powiat m. Mysłowice,"72,0","132,3","41,0","30,8","20,1","17,1","22,8"
2471000,Powiat m. Piekary Śląskie,"75,0","163,1","46,5","35,5","22,7","19,0","26,2"
2472000,Powiat m. Ruda Śląska,"71,8","140,6","42,0","32,1","20,9","17,4","24,1"
2473000,Powiat m. Rybnik,"72,4","139,4","42,2","32,3","21,0","17,8","23,9"
2474000,Powiat m. Siemianowice Śląskie,"75,2","163,6","46,7","36,2","23,1","19,3","26,5"
2475000,Powiat m. Sosnowiec,"79,4","213,2","54,1","43,0","26,7","22,0","30,7"
2476000,Powiat m. Świętochłowice,"71,1","153,7","43,1","33,8","21,9","17,8","25,6"
2477000,Powiat m. Tychy,"78,9","157,1","48,2","37,9","23,7","20,2","26,9"
2478000,Powiat m. Zabrze,"70,6","162,2","43,7","33,7","22,0","18,7","25,0"
2479000,Powiat m. Żory,"74,8","125,6","41,7","33,2","21,1","18,2","23,8"
2600000,ŚWIĘTOKRZYSKIE,"75,6","162,1","46,8","36,5","23,2","19,6","26,6"
2601000,Powiat buski,"76,3","171,4","48,2","37,8","24,0","20,5","27,3"
2602000,Powiat jędrzejowski,"76,5","149,9","45,9","36,0","22,8","19,6","25,8"
2603000,Powiat kazimierski,"72,7","181,7","46,9","36,7","23,6","20,2","26,9"
2604000,Powiat kielecki,"67,7","107,0","35,0","26,6","17,7","15,4","20,1"
2605000,Powiat konecki,"76,6","185,8","49,8","39,1","24,7","20,6","28,7"
2606000,Powiat opatowski,"74,0","168,7","46,4","36,3","23,3","20,2","26,3"
2607000,Powiat ostrowiecki,"81,8","207,8","55,2","42,4","26,4","22,1","30,3"
2608000,Powiat pińczowski,"78,0","176,2","49,8","39,1","24,5","21,2","27,7"
2609000,Powiat sandomierski,"74,2","175,1","47,2","36,8","23,6","20,2","26,8"
2610000,Powiat skarżyski,"82,1","215,2","56,0","43,5","26,9","22,0","31,4"
2611000,Powiat starachowicki,"78,1","179,3","50,2","38,9","24,5","20,1","28,7"
2612000,Powiat staszowski,"74,5","150,9","44,8","34,8","22,3","19,6","24,9"
2613000,Powiat włoszczowski,"74,1","150,4","44,5","34,8","22,3","19,2","25,3"
2661000,Powiat m. Kielce,"79,6","180,9","51,3","40,8","25,2","20,7","29,1"
2800000,WARMIŃSKO-MAZURSKIE,"70,9","134,5","40,7","31,1","20,3","17,0","23,5"
2801000,Powiat bartoszycki,"72,5","155,6","44,1","33,3","21,7","17,8","25,4"
2802000,Powiat braniewski,"69,5","144,8","41,1","31,1","20,5","17,2","23,8"
2803000,Powiat działdowski,"71,5","122,4","39,4","29,5","19,4","16,5","22,2"
2804000,Powiat elbląski,"68,2","125,9","38,0","28,9","19,2","16,5","22,0"
2805000,Powiat ełcki,"68,6","115,4","36,8","27,7","18,4","15,4","21,4"
2806000,Powiat giżycki,"72,4","145,6","42,9","32,7","21,3","17,8","24,7"
2807000,Powiat iławski,"71,6","116,6","38,6","29,2","19,1","16,3","21,8"
2808000,Powiat kętrzyński,"75,4","165,0","47,0","35,3","22,8","18,8","26,6"
2809000,Powiat lidzbarski,"72,3","148,5","43,2","32,6","21,3","17,5","24,8"
2810000,Powiat mrągowski,"68,7","149,2","41,1","30,5","20,3","17,3","23,1"
2811000,Powiat nidzicki,"69,5","135,0","39,9","30,1","20,0","16,6","23,3"
2812000,Powiat nowomiejski,"70,7","104,3","36,1","27,5","18,0","15,3","20,6"
2813000,Powiat olecki,"70,4","127,4","39,4","30,1","19,7","16,5","22,8"
2814000,Powiat olsztyński,"66,1","106,9","34,1","25,9","17,4","15,1","19,6"
2815000,Powiat ostródzki,"71,7","134,6","41,2","31,4","20,5","17,2","23,7"
2816000,Powiat piski,"69,2","132,9","39,5","29,7","19,7","16,5","23,0"
2817000,Powiat szczycieński,"68,5","128,5","38,5","29,4","19,5","16,1","22,7"
2818000,Powiat gołdapski,"69,6","123,2","38,4","29,3","19,3","16,3","22,2"
2819000,Powiat węgorzewski,"74,6","163,6","46,3","36,1","23,1","19,3","26,8"
2861000,Powiat m. Elbląg,"75,4","168,8","47,4","37,0","23,6","19,4","27,4"
2862000,Powiat m. Olsztyn,"73,1","149,9","43,8","34,5","22,1","18,2","25,6"
3000000,WIELKOPOLSKIE,"70,5","116,1","37,9","29,5","19,2","16,2","22,1"
3001000,Powiat chodzieski,"70,7","128,7","39,8","30,6","20,1","16,7","23,3"
3002000,Powiat czarnkowsko-trzcianecki,"71,8","119,1","39,0","30,2","19,7","16,8","22,4"
3003000,Powiat gnieźnieński,"73,7","115,9","39,6","30,5","19,6","16,5","22,6"
3004000,Powiat gostyński,"72,7","108,6","37,9","28,6","18,5","15,9","21,2"
3005000,Powiat grodziski,"69,7","91,1","33,2","25,2","16,6","14,6","18,5"
3006000,Powiat jarociński,"73,3","113,7","39,0","29,7","19,2","16,2","22,1"
3007000,Powiat kaliski,"70,3","111,6","37,1","28,5","18,6","16,1","21,1"
3008000,Powiat kępiński,"67,9","110,4","35,6","27,6","18,2","15,4","21,0"
3009000,Powiat kolski,"73,9","138,4","42,9","33,1","21,3","17,9","24,6"
3010000,Powiat koniński,"65,5","106,2","33,8","25,8","17,3","15,0","19,7"
3011000,Powiat kościański,"72,7","113,4","38,6","29,6","19,1","16,4","21,7"
3012000,Powiat krotoszyński,"72,7","115,8","39,0","29,8","19,3","16,3","22,2"
3013000,Powiat leszczyński,"68,9","81,9","31,0","23,7","15,6","13,7","17,5"
3014000,Powiat międzychodzki,"72,9","123,8","40,3","31,3","20,2","17,4","22,9"
3015000,Powiat nowotomyski,"71,6","101,8","36,2","27,6","18,0","15,3","20,6"
3016000,Powiat obornicki,"71,0","104,4","36,3","28,0","18,2","15,5","21,0"
3017000,Powiat ostrowski,"72,5","123,7","40,1","30,9","20,0","16,9","23,0"
3018000,Powiat ostrzeszowski,"71,5","113,1","37,9","29,1","19,0","16,1","21,7"
3019000,Powiat pilski,"72,6","135,1","41,7","32,1","20,9","17,7","23,9"
3020000,Powiat pleszewski,"71,5","118,6","38,8","30,1","19,6","16,6","22,5"
3021000,Powiat poznański,"67,0","76,2","29,0","22,4","14,8","12,8","16,7"
3022000,Powiat rawicki,"72,3","111,8","38,1","29,3","19,1","16,2","21,9"
3023000,Powiat słupecki,"71,4","125,6","39,8","30,8","20,0","17,1","22,9"
3024000,Powiat szamotulski,"71,7","106,7","37,0","28,4","18,5","15,9","21,0"
3025000,Powiat średzki,"72,7","98,0","36,0","27,5","17,8","15,0","20,4"
3026000,Powiat śremski,"71,2","106,7","36,8","28,0","18,3","15,3","21,1"
3027000,Powiat turecki,"71,3","119,6","38,9","29,8","19,4","16,2","22,6"
3028000,Powiat wągrowiecki,"71,3","106,3","36,7","27,9","18,3","15,8","20,7"
3029000,Powiat wolsztyński,"72,2","101,3","36,3","27,7","18,0","15,3","20,6"
3030000,Powiat wrzesiński,"70,4","108,6","36,6","28,2","18,5","15,4","21,4"
3031000,Powiat złotowski,"69,0","116,9","37,2","28,6","18,8","16,1","21,5"
3061000,Powiat m. Kalisz,"79,7","179,6","51,2","40,5","25,2","20,4","29,3"
3062000,Powiat m. Konin,"80,9","205,4","54,4","42,8","26,5","21,8","30,6"
3063000,Powiat m. Leszno,"76,8","157,2","47,0","36,8","23,2","19,4","26,7"
3064000,Powiat m. Poznań,"66,4","155,0","40,3","33,1","21,6","17,5","25,2"
3200000,ZACHODNIOPOMORSKIE,"72,7","150,5","43,7","34,2","22,0","18,7","25,2"
3201000,Powiat białogardzki,"70,4","141,6","41,2","32,2","21,1","17,5","24,5"
3202000,Powiat choszczeński,"72,6","154,2","44,0","33,8","21,9","19,0","24,7"
3203000,Powiat drawski,"74,1","145,5","43,9","33,7","21,7","18,7","24,6"
3204000,Powiat goleniowski,"69,4","125,7","38,6","30,1","19,7","16,8","22,5"
3205000,Powiat gryficki,"71,7","146,0","42,5","32,8","21,3","18,5","24,1"
3206000,Powiat gryfiński,"70,0","144,6","41,4","32,0","21,0","18,0","23,8"
3207000,Powiat kamieński,"75,6","181,5","48,7","38,0","24,2","21,0","27,2"
3208000,Powiat kołobrzeski,"76,0","171,6","48,0","37,0","23,6","20,2","26,7"
3209000,Powiat koszaliński,"66,4","122,3","36,5","28,0","18,7","16,6","20,8"
3210000,Powiat myśliborski,"71,6","150,9","43,1","33,8","21,9","18,3","25,3"
3211000,Powiat policki,"65,5","98,4","32,5","24,8","16,7","15,1","18,3"
3212000,Powiat pyrzycki,"74,3","148,4","44,4","34,4","22,1","18,6","25,6"
3213000,Powiat sławieński,"72,8","143,3","42,8","32,9","21,3","18,0","24,5"
3214000,Powiat stargardzki,"72,4","135,2","41,6","32,4","20,9","17,9","23,9"
3215000,Powiat szczecinecki,"75,4","151,2","45,4","35,0","22,5","19,1","25,6"
3216000,Powiat świdwiński,"75,0","157,8","45,9","35,3","22,7","19,4","25,9"
3217000,Powiat wałecki,"71,4","149,5","42,8","33,1","21,5","18,4","24,4"
3218000,Powiat łobeski,"74,9","154,2","45,4","35,1","22,5","18,9","26,0"
3261000,Powiat m. Koszalin,"79,0","173,7","50,1","40,1","24,9","20,2","29,0"
3262000,Powiat m. Szczecin,"73,1","166,1","45,6","36,7","23,4","19,7","26,8"
3263000,Powiat m. Świnoujście,"78,1","209,2","52,8","41,8","26,1","22,4","29,5"